id_noticia,fuente,url,categoria_busqueda
N001,DiarioElDia,https://www.diarioeldia.cl/noticias/2026/09/08/150326-nuevo-homicidio-en-la-serena-hombre-muere-acribillado-en-caleta-san-pedro,homicidio
N002,DiarioElDia,https://www.diarioeldia.cl/noticias/2026/08/27/149036-violencia-no-da-tregua-acribillamiento-en-coquimbo-eleva-preocupacion-por-seguidilla-de-asesinatos,homicidio
N003,DiarioElDia,https://www.diarioeldia.cl/noticias/2026/08/22/148498-tres-asesinatos-en-menos-de-dos-dias-elevan-a-24-las-victimas-en-la-region,homicidio
N004,DiarioElDia,https://www.diarioeldia.cl/noticias/2026/08/21/148411-dos-homicidios-impactan-a-coquimbo-y-salamanca,homicidio
N005,DiarioElDia,https://www.diarioeldia.cl/noticias/2026/08/06/146914-tras-casi-un-ano-profugo-cae-adolescente-imputado-por-homicidio-en-coquimbo,homicidio
N006,DiarioElDia,https://www.diarioeldia.cl/noticias/2026/05/02/136200-crimen-en-motel-de-ovalle-huella-en-botella-fue-clave-tras-ser-acribillado-con-9-disparos,homicidio
N007,DiarioElDia,https://www.diarioeldia.cl/noticias/2026/04/16/134520-homicidio-a-plena-luz-del-dia-en-la-serena-autor-fue-detenido,homicidio
N008,DiarioElDia,https://www.diarioeldia.cl/noticias/2026/09/13/150949-las-senales-del-preocupante-repunte-de-homicidios-en-la-region,homicidio
N009,DiarioElDia,https://www.diarioeldia.cl/noticias/2025/01/25/124707-segundo-homicidio-del-ano-en-la-region-se-registra-en-ovalle,homicidio
N010,ElObservatodo,https://www.elobservatodo.cl/noticia/sociedad/pdi-detiene-al-autor-del-homicidio-en-parte-alta-de-coquimbo,homicidio
N011,ElObservatodo,https://www.elobservatodo.cl/noticia/sociedad/detienen-autor-de-homicidio-frustrado-en-coquimbo-tras-operativo-policial,homicidio
N012,ElObservatodo,https://www.elobservatodo.cl/noticia/sociedad/fiscalia-formalizo-venezolano-por-homicidio-ocurrido-en-centro-de-coquimbo,homicidio
N013,ElObservatodo,https://www.elobservatodo.cl/noticia/sociedad/hombre-muere-tras-brutal-ataque-con-arma-blanca-en-servicentro-de-la-serena-hay-un-,homicidio
N014,ElObservatodo,https://www.elobservatodo.cl/noticia/sociedad/investigacion-de-carabineros-permitio-localizar-y-detener-profugo-por-homicidio-cal,homicidio
N015,ElObservatodo,https://www.elobservatodo.cl/noticia/sociedad/justicia-para-cara-de-vieja-en-coquimbo-capturan-presunto-asesino-tras-8-meses-prof,homicidio
N016,ElObservatodo,https://www.elobservatodo.cl/noticia/sociedad/condenan-sujeto-que-degollo-mujer-en-la-region-de-coquimbo,femicidio
N017,ElObservatodo,https://www.elobservatodo.cl/noticia/sociedad/os9-desarticula-banda-tras-balacera-en-feria-de-san-juan-en-coquimbo,homicidio
N018,LaSerenaOnline,https://laserenaonline.cl/2026/09/08/la-serena-fiscalia-y-pdi-investigan-homicidio-ocurrido-en-caleta-san-pedro/,homicidio
N019,LaSerenaOnline,https://laserenaonline.cl/2026/09/06/pdi-investiga-homicidio-y-homicidio-frustrado-en-la-serena/,homicidio
N020,LaSerenaOnline,https://laserenaonline.cl/2026/08/28/pdi-investiga-homicidio-con-arma-de-fuego-en-coquimbo/,homicidio
N021,LaSerenaOnline,https://laserenaonline.cl/2026/08/23/investigan-homicidio-con-arma-de-fuego-al-interior-de-un-domicilio-en-coquimbo/,homicidio
N022,LaSerenaOnline,https://laserenaonline.cl/2026/08/22/coquimbo-fiscalia-ecoh-y-pdi-investigan-homicidio-en-la-parte-alta/,homicidio
N023,LaSerenaOnline,https://laserenaonline.cl/2026/08/21/investigan-homicidio-de-adulto-mayor-ocurrido-en-salamanca/,homicidio
N024,LaSerenaOnline,https://laserenaonline.cl/2026/08/07/los-vilos-conductor-buscado-por-homicidio-llevaba-drogas-y-quedo-en-prision-preventiva/,homicidio
N025,LaSerenaOnline,https://laserenaonline.cl/2026/08/05/carabineros-os7-detiene-en-los-vilos-a-sujeto-con-orden-vigente-por-homicidio-y-mas-de-18-kilos-de-marihuana/,homicidio
N026,LaSerenaOnline,https://laserenaonline.cl/2026/07/17/investigan-homicidio-al-interior-del-terminal-de-buses-de-coquimbo/,homicidio
N027,LaSerenaOnline,https://laserenaonline.cl/2026/04/21/investigan-homicidio-ocurrido-en-coquimbo-durante-esta-madrugada/,homicidio
N028,LaSerenaOnline,https://laserenaonline.cl/2026/04/17/la-serena-sujeto-involucrado-en-homicidio-pasara-a-control-de-detencion/,homicidio
N029,LaSerenaOnline,https://laserenaonline.cl/2026/03/04/investigan-homicidio-tras-rina-en-coquimbo/,homicidio
N030,LaSerenaOnline,https://laserenaonline.cl/2025/05/30/investigan-homicidio-ocurrido-en-la-serena/,homicidio
N031,ElOvallino,https://www.elovallino.cl/crimen-en-motel-de-ovalle-huella-en-botella-fue-clave-tras-ser-acribillado-con-9-disparos/,homicidio
N032,ElOvallino,https://www.elovallino.cl/detienen-en-la-serena-a-dos-implicados-mas-en-crimen-en-motel-ovallino/,homicidio
N033,ElOvallino,https://www.elovallino.cl/doble-homicidio-en-sotaqui-hallan-a-dos-hombres-baleados-en-un-fundo/,homicidio
N034,ElOvallino,https://www.elovallino.cl/doble-homicidio-en-sotaqui-desata-temor-vecinal-por-ola-de-robos/,homicidio
N035,ElOvallino,https://www.elovallino.cl/prision-preventiva-para-sujeto-que-apunalo-a-tres-personas-en-ovalle/,homicidio
N036,BioBioChile,https://www.biobiochile.cl/noticias/nacional/region-de-coquimbo/2026/07/17/hombre-es-asesinado-con-arma-cortante-al-interior-de-terminal-de-buses-de-coquimbo-pdi-busca-al-autor.shtml,homicidio
N037,BioBioChile,https://www.biobiochile.cl/noticias/nacional/region-de-coquimbo/2026/07/17/detienen-a-presunto-autor-del-asesinato-de-hombre-al-interior-de-terminal-de-buses-en-coquimbo.shtml,homicidio
N038,BioBioChile,https://www.biobiochile.cl/noticias/nacional/region-de-coquimbo/2026/05/23/prision-preventiva-a-hombre-acusado-de-homicidio-consumado-y-frustrado-tras-rina-vecinal-en-la-serena.shtml,homicidio
N039,BioBioChile,https://www.biobiochile.cl/noticias/nacional/region-de-coquimbo/2026/04/22/rina-termina-con-hombre-asesinado-a-bala-en-sector-tierras-blancas-de-coquimbo-un-detenido.shtml,homicidio
N040,BioBioChile,https://www.biobiochile.cl/noticias/nacional/region-de-coquimbo/2026/04/17/detienen-a-hombre-tras-homicidio-en-plena-via-publica-de-la-serena-victima-tenia-27-anos.shtml,homicidio
N041,BioBioChile,https://www.biobiochile.cl/noticias/nacional/region-de-coquimbo/2026/02/26/municipalidad-de-la-serena-pide-cerrar-conocido-pub-del-casco-historico-tras-homicidio.shtml,homicidio
N042,BioBioChile,https://www.biobiochile.cl/noticias/nacional/region-de-coquimbo/2026/02/12/detienen-a-tres-colombianos-acusados-de-homicidio-en-un-local-nocturno-en-el-centro-de-la-serena.shtml,homicidio
N043,BioBioChile,https://www.biobiochile.cl/noticias/nacional/region-de-coquimbo/2025/10/17/condenan-a-ciudadano-venezolano-por-el-homicidio-del-medico-nicolas-pinochet-en-la-serena.shtml,homicidio
N044,BioBioChile,https://www.biobiochile.cl/noticias/nacional/region-de-coquimbo/2025/07/29/tribunal-acredita-femicidio-en-asesinato-de-joven-de-17-anos-en-ovalle-su-pareja-le-disparo.shtml,femicidio
N045,DiarioLaRegion,https://www.diariolaregion.cl/carabineros-detuvo-a-mujer-por-homicidio-frustrado-en-pleno-centro-de-la-serena/,homicidio
N046,DiarioLaRegion,https://www.diariolaregion.cl/seremi-de-seguridad-maria-jose-duarte-tras-homicidio-en-coquimbo-son-hechos-graves-y-no-los-vamos-a-relativizar/,homicidio
N047,DiarioLaRegion,https://www.diariolaregion.cl/tripulante-boliviano-aparecio-muerto-dentro-de-una-lancha/,homicidio
N048,MiRadio,https://www.miradiols.cl/2026/09/11/mas-de-20-homicidios-la-serena-coquimbo-2026/,homicidio
N049,MiRadio,https://www.miradiols.cl/2026/08/22/hombre-de-85-anos-fue-asesinado-en-salamanca-pdi-detiene-a-mujer-que-habria-confesado-el-crimen/,homicidio
N050,MiRadio,https://www.miradiols.cl/2026/08/25/robo-con-homicidio-salamanca-imputada-adulto-mayor/,homicidio
N051,MiRadio,https://www.miradiols.cl/2025/01/24/asesinato-en-ruta-de-ovalle-interceptan-vehiculo-y-disparan-contra-copiloto/,homicidio
N052,ElSalamanquino,https://www.elsalamanquino.cl/2026/08/25/en-salamanca-amplian-detencion-de-mujer-que-sera-formalizada-por-homicidio-de-un-adulto-mayor/,homicidio
